,NameCorp,Cusip6,Cusip9
0,1st Centennial Bancorp,31986N,102
1,"21st Century Oncology Holdings, Inc.",90131G,107
2,"A. H. Robins Company, Inc.",770706,109
3,A. M. Castle & Co.,148411,101
4,"A123 Systems, Inc.",03739T,108
5,"AAC Holdings, Inc.",000307,108
6,aaiPharma Inc.,00252W,104
7,"ABC-NACO, Inc.",00287P,105
8,AbitibiBowater Inc.,003687,209
9,Acceptance Insurance Companies Inc.,004308,102
10,Aceto Corporation,004446,100
11,"Acme Metals, Incorporated",004724,100
12,"ACT Manufacturing, Inc.",000973,107
13,Acterna Corp.,00503U,105
14,"Adelphia Business Solutions, Inc.",006847,107
15,Adelphia Communications Corp.,006848,105
16,Adeptus Health Inc.,006855,100
17,Advanced Radio Telecom Corp.,31865X,106
18,Advanta Corp.,007942,204
19,"Aeropostale, Inc.",007865,108
20,"AgriBioTech, Inc.",008494,106
21,Agway Inc.,008662,108
22,Air Florida System Inc.,009114,109
23,"Akorn, Inc.",009728,106
24,"Al Copeland Enterprises, Inc.",217213,933
25,Alexanders Inc.,014752,109
26,"Allegheny International, Inc.",867071,102
27,Allegiance Telecom Inc.,01747T,102
28,Alliance Entertainment Corp.,018593,103
29,"Allied Holdings, Inc.",019223,106
30,Allied Nevada Gold Corp.,019344,100
31,Allied Products Corp.,019411,107
32,Allis-Chalmers Corp.,019645,506
33,"Alpha Natural Resources, Inc.",02076X,102
34,"Alta Mesa Resources, Inc. (Alta Mesa Holdings, LP)",02133L,109
35,Alterra HealthCare Corp,02146C,104
36,"AM International, Inc. (1982)",625440,102
37,"AM International, Inc. (1993)",625440,102
38,Amarex Inc.,023006,109
39,"Ambac Financial Group, Inc.",023139,108
40,Amcast Industrial Corporation (2004),023395,106
41,Amcast Industrial Corporation (2005),023395,106
42,"AMCORE Financial, Inc.",023912,108
43,Amdura Corp.,023426,703
44,Amerco,023586,100
45,America West Airlines Inc.,90341W,108
46,"American Apparel, Inc. (2015)",023850,100
47,"American Apparel, Inc. (2016)",023850,100
48,American Banknote Corporation,024490,302
49,"American Business Financial Services, Inc.",02476B,106
50,American Carriers Inc.,89365P,106
51,American Classic Voyages Co.,024928,103
52,American Commercial Lines LLC,025198,938
53,American Continental Corporation,025242,207
54,American Eco Corp.,02553G,101
55,"American Healthcare Management, Inc.",026496,208
56,American Home Mortgage Investment Corp.,02660R,107
57,American Homestar Corp.,026652,107
58,"American Media Operations, Inc.",02744R,990
59,American Mortgage Acceptance Company,027568,104
60,American Pad & Paper Company,028816,106
61,American Plumbing & Mechanical Inc.,029050,937
62,"American Rice, Inc.",029318,300
63,"American Spectrum Realty, Inc.",02970Q,203
64,"American Tissue, Inc.",030222,939
65,AmericanWest Bancorporation,03058P,109
66,Americold Corp.,03060T,107
67,"Ames Department Stores, Inc. (1990)",030789,507
68,"Ames Department Stores, Inc. (2001)",030789,507
69,"AMF Bowling Worldwide, Inc.",030985,10
70,Ampal-American Israel Corporation,032015,109
71,AMR Corporation,001765,106
72,"AMRESCO, Inc.",031909,203
73,Amwest Insurance Group Inc.,032345,100
74,"Anacomp, Inc.",03237E,108
75,ANC Rental Corp.,001813,104
76,Anchor BanCorp Wisconsin Inc.,032839,102
77,Anchor Glass Container Corp. (1996),03304B,300
78,Anchor Glass Container Corporation (2005),03304B,300
79,Angeles Corp.,034624,403
80,"Anglo Energy, Ltd. (1983)",035054,10
81,"Anicom, Inc.",035250,109
82,"Anthracite Capital, Inc.",037023,108
83,"AP Industries, Inc.",001870,104
84,Apex Silver Mines Limited,381119,106
85,Appletree Markets Inc.,03799X,007
86,"Applied Extrusion Technologies, Inc.",038196,101
87,Applied Magnetics Corporation,038213,104
88,Approach Resources Inc.,03834A,103
89,APS Holding Corp.,001937,101
90,APW Ltd.,G04397,108
91,"Arch Coal, Inc.",039380,308
92,Arch Wireless Inc.,90341G,103
93,"Arm Financial Group, Inc.",001944,107
94,"Armstrong Energy, Inc.",04299S,936
95,"Armstrong Flooring, Inc.",04238R,106
96,"Ascena Retail Group, Inc.",04351G,200
97,Aspect Software Parent Inc.,04523X,AA5
98,"Assisted Living Concepts, Inc.",04544X,300
99,"Asyst Technologies, Inc.",04648X,107
100,At Home Corp,045919,107
101,AT&T Latin America Corp.,04649A,106
102,Atchison Casting Corp.,046613,105
103,Atlantic Express Transportation Corp.,04853E,935
104,Atlas Air Worldwide Holdings Inc.,049164,205
105,"Atlas Resource Partners, L.P.",04941A,506
106,ATP Oil & Gas Corporation,00208J,108
107,Audio Visual Services Corp.,050727,106
108,Aurora Foods Inc.,05164B,106
109,Avado Brands Inc.,05336P,108
110,Avaya Inc.,05399R,942
111,"Aventine Renewable Energy Holdings, Inc.",05356X,700
112,"Azure Midstream Partners, LP",05501X,100
113,Baldwin-United Corporation,718799,109
114,Bally Total Fitness Holding Corporation (2007),05873K,108
115,Bally Total Fitness Holding Corporation (2008),05873K,108
116,Bank Holdings,88331E,104
117,Barzel Industries Inc.,069744,100
118,"Basic Energy Services, Inc. (2016)",06985P,100
119,"Basic Energy Services, Inc. (2021)",06985P,209
120,Basix Corp.,070121,207
121,Bay Financial Corporation,072370,109
122,B-E Holdings Inc.,055382,931
123,"Beach First National Bancshares, Inc.",073334,104
124,"BearingPoint, Inc.",074002,205
125,Beker Industries Corp.,077266,104
126,"Benedek Communications Corp. (Stations Holding Co, Inc.)",08170W,932
127,"Best Products Company, Inc. (1991)",086553,104
128,"Best Products Company, Inc. (1996)",086553,104
129,Bethlehem Steel Corp,087509,105
130,Bibb Co,088667,100
131,"Big V Supermarkets, Inc.",089698,104
132,Birmingham Steel Corp.,091250,100
133,"Black Elk Energy Offshore Operations, LLC",09203F,20
134,Blockbuster Inc.,093679,108
135,BMC Industries Inc.,055607,105
136,"Bon Ton Stores, Inc.",09776J,101
137,"Bonanza Creek Energy, Inc.",097793,103
138,Bonneville Pacific Corporation,098904,204
139,Borden Chemicals & Plastics LP (Borden Chemicals & Plastics Operating LP only),099541,203
140,"Borders Group, Inc.",099709,107
141,"Boston Chicken, Inc.",100578,103
142,"BPZ Resources, Inc.",055639,108
143,Bradlees Inc. (2000),104499,207
144,"Bradlees, Inc. (1995)",104499,207
145,Braniff Inc. (1989),105423,404
146,Braniff International Corp. (1982),105425,102
147,"Breed Technologies, Inc.",106702,103
148,Breitburn Energy Partners LP,106776,107
149,Briggs & Stratton Corporation,109043,109
150,Bristow Group Inc.,110394,103
151,"Broadview Networks Holdings, Inc.",111384,103
152,Brooke Corporation,112502,109
153,Brunos Inc.,116881,202
154,"BSD Bancorp, Inc.",055655,104
155,Budget Group Inc.,119003,101
156,"Buffets Holdings, Inc.",119882,934
157,Builders Transport Inc.,120084,108
158,Building Materials Holding Corporation,120113,105
159,"Burlington Industries, Inc.",121693,105
160,"Bush Industries, Inc.",123164,105
161,Buttes Gas & Oil Co.,761312,107
162,C&J Energy Services Ltd.,G3164Q,101
163,"CAI Wireless Systems, Inc.",12476P,203
164,"Cal Dive International, Inc.",12802T,101
165,Caldor Corporation,128787,108
166,"California Coastal Communities, Inc.",129915,203
167,California Resources Corporation,13057Q,206
168,Calpine Corp.,131347,304
169,Calton Inc.,131380,503
170,Cape Fear Bank Corporation,139380,109
171,Capital Corp of the West,140065,202
172,Capitol Bancorp Ltd.,14056D,105
173,"Caraustar Industries, Inc.",140909,102
174,Carbide Graphite Group Inc.,140777,103
175,Cardis Corp.,141602,300
176,Care Enterprises Inc.,141649,301
177,CareMatrix Corp.,141706,309
178,"Carmike Cinemas, Inc.",143436,400
179,"Carolco Pictures, Inc.",143763,100
180,Carter Hawley Hale Stores Inc.,111572,103
181,Casual Male Corp.,148710,106
182,CBL & Associates Properties Inc. (CBL & Associates LP),124830,100
183,"CEC Entertainment, Inc.",12599M,939
184,"CellNet Data Systems, Inc.",15115M,101
185,Centennial Group Inc.,15133R,108
186,Central European Distribution Corporation,153435,102
187,Centric Brands Inc.,15644G,104
188,"Cenveo, Inc.",15670S,402
189,Cenvill Development Corp.,156906,109
190,CF & I Steel Corp.,125185,108
191,"Champion Enterprises, Inc.",158496,109
192,"Chaparral Energy, Inc. (2016)",15941R,993
193,"Chaparral Energy, Inc. (2020)",15942R,208
194,Chart Industries Inc.,16115Q,308
195,"Charter Communications, Inc.",16117M,305
196,Charter Company,847807,104
197,Charter Medical Corp.,559079,207
198,CHC Group Ltd.,G07021,127
199,Chemtura Corporation,163893,209
200,Cherokee Inc. (1993),16444H,102
201,Chesapeake Corporation,165159,104
202,Chesapeake Energy Corporation,165167,743
203,Child World Inc.,168710,101
204,"China Natural Gas, Inc.",168910,206
205,"Chiquita Brands International, Inc.",170032,809
206,"Choice One Communications, Inc.",17038P,104
207,"CHS Electronics, Inc.",12542A,206
208,"Ciber, Inc.",17163B,102
209,Circle K Corp.,172585,101
210,"Circuit City Stores, Inc.",172737,108
211,Circus and Eldorado Joint Venture,FDS9B7,B40
212,CIT Group Inc.,125581,801
213,Citadel Broadcasting Corporation,17285T,304
214,Cityscape Financial Corp.,001642,107
215,"Claires Stores, Inc.",179584,107
216,Clarent Corp.,180461,105
217,Clark Material Handling Company,181475,955
218,"Classic Communications, Inc.",182728,204
219,Cloud Peak Energy Inc.,18911Q,102
220,"Clovis Oncology, Inc.",189464,100
221,"Cobalt International Energy, Inc.",19075F,304
222,"Coho Energy, Inc. (1999)",192481,208
223,"Coho Energy, Inc. (2002)",192481,208
224,Coldwater Creek Inc.,193068,202
225,Coleco Industries Inc.,752907,105
226,Collins & Aikman Corporation,194830,204
227,"Colonial Bancgroup, Inc.",195493,309
228,"Color Tile, Inc.",196267,009
229,"Colorado-Ute Electric Association, Inc.",19699Y,937
230,Columbia Gas System Inc.,197648,009
231,"Combustion Equipment Associates, Inc.",146219,100
232,"Comdisco, Inc.",200334,100
233,Community Bancorp,20343T,100
234,"Complete Management, Inc.",20452C,104
235,Cone Mills Corp,206814,105
236,"Conexant Systems, Inc.",207142,308
237,"Conseco, Inc.",12621E,103
238,Consolidated Freightways Corp.,209232,107
239,"Consolidated Hydro, Inc.",209349,10
240,Constar International Inc. (2008),21036U,206
241,Constar International Inc. (2011),21036U,206
242,ContiFinancial Corp.,21075V,107
243,Continental Airlines Corp. (1983),21099Y,004
244,"Continental Airlines, Inc. (1990)",21099Y,004
245,Continental Information Systems Corp,211496,104
246,"Convergent Communications, Inc.",211914,403
247,Cook United Inc. (1984),216245,100
248,"Cooperative Bankshares, Inc.",216844,100
249,"Cooper-Standard Holdings, Inc.",21676P,103
250,Coram Healthcare Corp.,218103,109
251,"Corinthian Colleges, Inc.",218868,107
252,"Cornerstone Propane Partners, L.P.",218916,104
253,"Corus Bankshares, Inc.",220873,103
254,"Costilla Energy, Inc.",22161G,103
255,"Covad Communications Group, Inc.",222814,204
256,Covanta Energy Corp.,22281N,103
257,Covia Holdings Corporation,22305A,103
258,Creditrust Corporation,225429,10
259,Criimi Mae Inc.,226603,504
260,Crown Pacific Partners L.P.,228439,105
261,Crown Vantage Inc.,228622,106
262,"Crystal Brands, Inc.",229070,107
263,Crystal Oil Co.,229241,104
264,"CTC Communications Group, Inc.",126419,100
265,Cumulus Media Inc.,75601W,104
266,Dade Behring Inc.,23393X,930
267,Dailey International Inc.,23380G,106
268,Daisy Systems Corp.,234050,102
269,DaisyTek International Corp.,234053,106
270,Dan River Inc.,235774,106
271,Days Inns of America Inc.,239624,208
272,Dayton Superior Corporation,240028,308
273,DDI Corp.,233162,502
274,De Laurentiis Entertainment Group Inc.,241209,105
275,Dean Foods Company,242370,203
276,DecisionOne Holdings Corp.,243458,106
277,Delphi Corporation,247126,105
278,"Delta Air Lines, Inc.",247361,702
279,Delta Financial Corporation,247918,105
280,Delta Petroleum Corporation,247907,306
281,Denbury Resources Inc.,247916,208
282,Dendreon Corporation,24823Q,107
283,"Dex Media, Inc. (2016)",25213A,107
284,Dex One Corporation (2013),25212W,100
285,"Diamond Offshore Drilling, Inc.",25271C,102
286,Ditech Holding Corporation (2019),25501G,105
287,"Divi Hotels, N.V.",255374,100
288,"divine, inc.",255402,406
289,Dolan Company,25659P,402
290,Doral Financial Corporation,25811P,852
291,Doskocil Cos Inc.,344822,101
292,Dow Corning Corporation,260547,005
293,Downey Financial Corp.,261018,105
294,DR Holdings Inc. of Delaware,20557T,101
295,Dreco Energy Services Ltd.,261528,301
296,"Drug Emporium, Inc.",262175,102
297,Drypers Corp.,262497,308
298,"Dura Automotive Systems, Inc.",265903,104
299,DVI Inc.,233343,102
300,Dyersburg Corp.,267575,108
301,"Dynegy Holdings, LLC",26899X,007
302,"e.spire Communications, Inc.",269153,102
303,Eagle Bulk Shipping Inc.,Y2187A,119
304,"Eagle Food Centers, Inc.",269514,204
305,"Eagle Geophysical, Inc.",269524,104
306,"Eagle Picher Holdings, Inc. (2005)",269803,102
307,Eagle-Picher Industries Inc. (1991),269803,102
308,Eastern Airlines Inc.,276191,004
309,Eastman Kodak Company,277461,109
310,"Eddie Bauer Holdings, Inc.",071625,107
311,Edge Petroleum Corporation,279862,106
312,"Edison Brothers Stores, Inc. (1995)",280875,303
313,"Edison Brothers Stores, Inc. (1999)",280875,303
314,Edison Mission Energy,28199A,000
315,Edisto Resources Corp.,281067,306
316,Einstein Noah Bagel Corp,26874E,107
317,El Paso Electric Co.,283677,854
318,El Paso Refinery LP,283712,107
319,"Emerald Oil, Inc.",29101U,407
320,Emerson Radio Corp.,291087,203
321,Encompass Services Corporation,29255U,104
322,Endeavour International Corporation,29259G,200
323,Endo International plc,G30401,106
324,"Ener1, Inc.",29267A,203
325,"Energy Conversion Devices, Inc.",292659,109
326,Energy Future Holdings Corp.,29299Z,002
327,"Energy Partners, Ltd.",29270U,303
328,Energy XXI Ltd,G10082,140
329,Enron Corp.,293561,106
330,Enstar Group Inc.,29358L,10
331,"Entergy New Orleans, Inc.",29399X,006
332,Envirodyne Industries Inc.,92831R,201
333,"EOTT Energy Partners, L.P.",535763,106
334,EP Energy Corporation (EP Energy LLC),268785,102
335,Erickson Incorporated,29482P,100
336,Erly Industries Inc.,57685E,200
337,"Ernst Home Center, Inc.",295866,107
338,"eToys, Inc.",297862,104
339,"EV Energy Partners, L.P.",26926V,107
340,Evans Products Co.,299209,106
341,"Everex Systems, Inc.",300072,105
342,"EvergreenBancorp, Inc.",300349,10
343,"EXCO Resources, Inc.",269279,501
344,Exide Technologies (2002),302051,206
345,Exide Technologies (2013),302051,206
346,"Exodus Communications, Inc.",302088,109
347,"Extraction Oil & Gas, Inc.",30227M,105
348,F & M Distributors Inc.,302723,101
349,Fairchild Corporation,303698,104
350,Fairfield Communities Inc.,304231,301
351,"FairPoint Communications, Inc.",305560,302
352,Fairway Group Holdings Corp.,30603D,108
353,"Falcon Products, Inc.",306075,102
354,"Family Golf Centers, Inc.",30701A,106
355,"Farmland Industries, Inc.",311549,109
356,Federal-Mogul Corporation,313549,404
357,"Federated Department Stores, Inc.",314099,102
358,"Ferrellgas Partners, L.P. (Ferrellgas Partners Finance Corp.)",315293,100
359,FF Holdings Corporation,301923,108
360,Fibermark Inc.,315646,109
361,FiberTower Corporation,31567R,209
362,Financial Corp. of Santa Barbara,317441,103
363,Fine Air Services Corp.,31779P,108
364,Fine Host Corporation,317832,103
365,"Finlay Enterprises, Inc.",317884,203
366,"Finova Group, Inc.",317928,109
367,First Capital Holdings Corp.,319417,101
368,"First City Bancorporation of Texas, Inc.",319593,109
369,First Executive Corp.,320135,106
370,First Mariner Bancorp,320795,107
371,First Merchants Acceptance Corporation,320816,200
372,"First National Bancshares, Inc.",32111B,104
373,First NBC Bank Holding Company,32115D,106
374,First Place Financial Corp.,33610T,109
375,First RepublicBank Corp,336160,106
376,First State Bancorporation,336453,105
377,"Firstcorp, Inc.",33761P,104
378,FirstEnergy Solutions Corp.,32093Y,007
379,FirstFed Financial Corp.,337907,109
380,"FLAG Telecom Holdings, Ltd",G3529X,106
381,"Flagstar Companies, Inc.",338473,002
382,"Fleetwood Enterprises, Inc.",339099,103
383,"Fleming Companies, Inc.",339130,106
384,"Flooring America, Inc.",339756,108
385,"FLYi, Inc.",34407T,104
386,"Foamex International, Inc. (2005)",344123,203
387,"Foamex International, Inc. (2009)",344123,203
388,Focal Communications Corporation,344155,205
389,Footstar Inc.,344912,209
390,Forbes Energy Services Ltd.,345143,101
391,Forcenergy Inc,345206,205
392,Foresight Energy LP,34552U,104
393,Formica Corp.,346377,955
394,"Forstmann & Company, Inc.",34659D,104
395,Forum Group Inc.,349841,304
396,Fountain View Inc.,83099X,931
397,FoxMeyer Health Corp. (FoxMeyer Drug Co. only),351904,10
398,"FPA Medical Management, Inc.",302543,103
399,Franklin Bank Corp.,352451,108
400,Fremont General Corporation,82670C,100
401,"Fretter, Inc.",358321,206
402,"Friede Goldman Halter, Inc.",358430,106
403,Friedman's Inc.,358438,109
404,FriendFinder Networks Inc.,358453,306
405,"Frontier Airlines Holdings, Inc. (2008)",359059,102
406,Frontier Communications Corporation,35906A,306
407,Frontier Holdings Inc. (1986),359076,106
408,Frontline Capital Group,35921N,101
409,"Fruit of the Loom, Ltd.",G3682L,105
410,FSC Corporation,302622,10
411,"FTD Companies, Inc.",30281V,108
412,"FTS International, Inc.",30283W,203
413,"Furniture Brands International, Inc. (2013)",360921,209
414,"G. Heileman Brewing Co., Inc.",422878,934
415,"Galey & Lord, Inc. (2002)",36352K,103
416,"Galey & Lord, Inc. (2004)",36352K,103
417,Garrett Motion Inc.,366505,105
418,Gastar Exploration Inc.,36729W,202
419,"GateHouse Media, Inc.",367348,109
420,Gaylord Container Corp,368145,108
421,"GC Companies, Inc.",36155Q,109
422,Genco Shipping & Trading Limited,Y2685T,107
423,General Development Corp.,048556,104
424,"General Growth Properties, Inc.",370023,103
425,General Homes Corp.,370054,207
426,General Maritime Corporation,370290,799
427,General Motors Corporation,37045V,100
428,"Genesis Health Ventures, Inc.",64015Y,104
429,Geneva Steel Company (1999),372257,105
430,Geneva Steel Holdings Corp. (2002),372257,105
431,Genicom Corporation,372282,103
432,"GenTek, Inc.",37245X,203
433,Genuity Inc.,37248E,202
434,Geo Specialty Chemicals Inc.,37246R,932
435,Geokinetics Inc.,372910,307
436,"Geotek Communications, Inc.",373654,102
437,Gilbert Robinson Inc.,375422,102
438,Glenoit Corp.,378762,934
439,Global Aviation Holdings Inc. (2012),37990V,204
440,Global Aviation Holdings Inc. (2013),37990V,204
441,"Global Brokerage, Inc.",37891B,109
442,Global Crossing Ltd.,G3921A,175
443,Global Eagle Entertainment Inc.,37951D,300
444,"Global Geophysical Services, Inc.",37946S,107
445,"Global Geophysical Services, Inc. (2016)",37946S,107
446,Global Marine Inc.,G3930E,101
447,Global Power Equipment Group Inc.,37941P,306
448,"Global TeleSystems, Inc.",37936U,104
449,Globalstar LP,G3930H,104
450,GMX Resources Inc.,38011M,603
451,"GNC Holdings, Inc.",36191G,107
452,"Golden Books Family Entertainment, Inc.",380804,203
453,"Goss Graphic Systems, Inc. (1999)",383411,AA
454,"Goss Holdings, Inc. (2001)",383413,937
455,Gottschalks Inc.,383485,109
456,"Graham-Field Health Products, Inc.",384632,105
457,"Grand Court Lifestyles, Inc.",385379,102
458,Grand Union Company (1995),386534,101
459,Grand Union Company (1998),386532,402
460,Grand Union Company (2000),386532,402
461,Granite Broadcasting Corporation,387241,102
462,Great American Communications Co.,172936,106
463,"Great Atlantic & Pacific Tea Company, Inc.",390064,103
464,"Greyhound Lines, Inc. (1990)",39899X,935
465,"Greyhound Lines, Inc. (1994)",398048,10
466,Grubb & Ellis Company,400095,204
467,"GSI Group, Inc.",36191C,205
468,"GST Telecommunications, Inc.",361942,105
469,GT Advanced Technologies Inc.,36191U,106
470,"GTT Communications, Inc.",362393,100
471,Guaranty Financial Group Inc.,40108N,106
472,"Guilford Mills, Inc.",401794,201
473,"Gulf States Steel, Inc. of Alabama",402548,101
474,Gulf USA Corp.,402571,103
475,"GulfMark Offshore, Inc.",402629,208
476,Gulfport Energy Corporation,402635,304
477,Guy F. Atkinson Company of California,047620,109
478,"GWG Holdings, Inc.",36192A,109
479,Gymboree Corporation (2017),40399H,008
480,Gymboree Corporation (2019),40399H,008
481,Hadson Corp.,40501V,101
482,Halcon Resources Corporation,40537Q,101
483,Halcon Resources Corporation (2019),40537Q,605
484,Ha-Lo Industries,404429,102
485,"Hancock Fabrics, Inc.",409900,107
486,"Harnischfeger Industries, Inc.",481165,108
487,"Harrington West Financial Group, Inc.",41383L,104
488,Hartmarx Corporation,417119,104
489,"Harvard Industries, Inc. (1991)",417434,503
490,"Harvard Industries, Inc. (1997)",417434,503
491,"Harvard Industries, Inc. (2002)",417434,503
492,Hawaiian Airlines Inc.,419879,101
493,"Hawker Beechcraft Acquisition Company, LLC",42099W,939
494,"Hayes Lemmerz International, Inc. (2001)",420781,304
495,"Hayes Lemmerz International, Inc. (2009)",420781,304
496,Healthco International Inc.,422200,105
497,"Heartland Wireless Communications, Inc.",670198,100
498,Hechinger Company,422660,936
499,Hecks Inc.,422686,20
500,"Hedstrom Holdings, Inc.",422914,101
501,Heilig-Meyers Company,422893,107
502,"Herbst Gaming, Inc.",42799Y,938
503,"Hercules Offshore, Inc.",427093,109
504,"Hercules Offshore, Inc. (2016)",427093,307
505,"Hertz Global Holdings, Inc. (Hertz Corporation)",42806J,106
506,Hexcel Corp.,428291,108
507,Hexion Inc.,60899Z,001
508,"hhgregg, Inc.",42833L,108
509,Hi-Crush Inc.,428337,109
510,High Voltage Engineering Corporation (2005),429812,100
511,"Highland Superstores, Inc.",430771,105
512,"Highlands Insurance Group, Inc.",431032,101
513,HighPoint Resources Corporation,43114K,207
514,Hills Department Stores Inc.,431692,102
515,Hillsborough Holdings Corp.,933169,104
516,"Hines Horticulture, Inc.",433245,107
517,Hoku Corporation,434711,107
518,"Home Holdings, Inc.",436934,103
519,HomeBanc Corp.,43738R,109
520,Horizon PCS Inc.,44043U,209
521,"Hornbeck Offshore Services, Inc.",440543,106
522,Horsehead Holding Corp.,440694,305
523,"House of Fabrics, Inc.",441759,107
524,HRT Industries Inc.,404269,201
525,Huffy Corp.,444356,109
526,Hunt International Resources Corp.,445628,10
527,Huntsman Polymers Corp,447015,942
528,Hvide Marine Incorporated,81169P,101
529,"ICG Communications, Inc.",449246,206
530,ICH Corporation,44926L,300
531,"iHeartMedia, Inc.",45174J,103
532,Illinois Power Generating Company,023608,003
533,Impath Inc.,45255G,101
534,"Imperial Capital Bancorp, Inc.",452680,101
535,Imperial Sugar Company,453096,208
536,"IMPSAT Fiber Networks, Inc.",45321T,202
537,Inacom Corp.,45323G,109
538,"Indalex Holdings Finance, Inc.",FDS1A8,9B3
539,"IndyMac Bancorp, Inc",456607,100
540,"InPhonic, Inc.",45772G,105
541,InSight Health Services Holdings Corp,45776K,102
542,Insilco Corp.,457661,106
543,"Integrated Electrical Services, Inc.",45811E,301
544,"Integrated Health Services, Inc.",45812C,106
545,Integrated Resources Inc.,458124,104
546,"Integrity Bancshares, Inc.",45818G,101
547,Intelsat S.A.,L5140P,101
548,Interco Inc.,360921,100
549,Intermark Inc.,896755,402
550,Intermet Corp.,45881K,104
551,Internap Corporation,45885A,409
552,International American Homes Inc.,459004,404
553,"International Fibercom, Inc.",45950T,101
554,International Shipholding Corporation,460321,201
555,International Wire Group Inc.,460933,104
556,Interstate Bakeries Corporation,46072H,108
557,"iPCS, Inc.",44980Y,305
558,Iridium LLC (six omitted),46268K,006
559,Irwin Financial Corporation,464119,106
560,"IT Group, Inc.",465266,104
561,"ITC DeltaCom, Inc.",45031T,872
562,Itel Corporation,035290,105
563,"Ithaca Industries, Inc.",030365,100
564,"ITT Educational Services, Inc.",45068B,109
565,"IWO Holdings, Inc.",45071T,402
566,"J. C. Penney Company, Inc.",708160,106
567,"J. Crew Group, Inc.",46699D,001
568,J.G. Wentworth Company,46618D,108
569,Jackson Hewitt Tax Service Inc.,468202,106
570,"Jacobson Stores, Inc.",469834,105
571,James River Coal Company,470355,207
572,Jamesway Corporation (1993),470737,107
573,"Jason Industries, Inc.",471172,106
574,Jayhawk Acceptance Corp.,36113L,101
575,JCC Holding Co.,46611Q,403
576,Jesup Group Inc.,477066,203
577,"Jones Energy, Inc.",48019R,306
578,Journal Register Company,481138,105
579,JPS Textile Group Inc. (1991),46624E,405
580,"JPS Textile Group, Inc. (1997)",46624E,405
581,"JumboSports, Inc.",481386,100
582,"Just For Feet, Inc.",48213P,106
583,JWP Inc.,29084Q,100
584,Kaiser Aluminum Corp.,483007,704
585,"Kaiser Group International, Inc.",483059,101
586,Kaiser Steel Corp.,48399Y,004
587,"Kash N Karry Food Stores, Inc.",48577P,106
588,"Kasper A.S.L., Ltd.",485808,109
589,"KCS Energy, Inc.",482434,206
590,KDT Industries Inc.,482455,102
591,"Kellstrom Industries, Inc.",488035,106
592,"Kenetech Corp. (Kenetech Windpower, Inc. only)",488878,109
593,"Kevco, Inc.",492716,105
594,"Key Energy Services, Inc.",492914,106
595,Kinder Care Learning Centers Inc.,494521,305
596,"KIT digital, Inc.",482470,200
597,"Kitty Hawk, Inc.",498326,206
598,Kmart Corp.,812350,106
599,Koger Properties Inc.,500230,107
600,"Koll Real Estate Group, Inc.",129915,203
601,"Komag, Inc.",500453,204
602,Laclede Steel Company (1998),505606,103
603,Ladish Co. Inc.,50599Y,933
604,"LandAmerica Financial Group, Inc.",514936,103
605,Laroche Industries Inc.,517289,948
606,"Lason, Inc.",51808R,206
607,Leap Wireless International Inc.,521863,308
608,Lear Corporation,521865,204
609,"Leasing Solutions, Inc.",521098,202
610,"Lee Enterprises, Incorporated",523768,109
611,Legacy Reserves Inc.,524706,108
612,Lehman Brothers Holdings Inc.,524908,100
613,"Leiner Health Products, Inc. (2002)",52536P,934
614,"Leiner Health Products, Inc. (2008)",52536P,934
615,Leisure Technology Inc.,525914,107
616,"Lenox Group, Inc.",526262,100
617,Lernout & Hauspie Speech Products NV,B5628B,104
618,"Leslie Fay Companies, Inc.",527016,109
619,Levitz Furniture Incorporated,527482,103
620,Libbey Inc.,529898,108
621,Liberate Technologies,530129,204
622,Linens Holding Co.,535679,104
623,"Linn Energy, LLC",536020,100
624,Lionel Corp. (1982),536257,108
625,Lionel Corp. (1991),536257,108
626,Live Entertainment Inc.,538032,400
627,LodgeNet Interactive Corporation,540211,109
628,"Lodgian, Inc.",54021P,403
629,"Loewen Group, Inc.",014383,103
630,Loews Cineplex Entertainment Corp,540423,100
631,Logix Communications Enterprises Inc.,541424,933
632,Lomas Financial Corp. (1989),541535,100
633,Lomas Financial Corp. (1995),541535,100
634,Lone Star Industries Inc.,542290,408
635,Lonestar Resources US Inc.,54240F,103
636,"LRI Holdings, Inc.",50399Z,932
637,"LSC Communications, Inc.",50218P,107
638,LTV Corp. (1986),501921,100
639,LTV Corp. (2000),501921,100
640,"Luminent Mortgage Capital, Inc.",550278,303
641,Lyondell Chemical Company,552078,107
642,Magellan Health Services Inc.,559079,207
643,Magna Entertainment Corp.,559211,305
644,MagnaChip Semiconductor LLC,55933J,203
645,Magnum Hunter Resources Corporation,55973B,102
646,Majestic Capital Ltd.,G5760D,111
647,"Majestic Star Casino, LLC",56075N,937
648,Mallinckrodt plc,G5785G,107
649,Manville Corp.,478129,109
650,"marchFIRST, Inc.",566244,109
651,"Mariner Post-Acute Network, Inc.",56845X,108
652,Marion Corp.,568695,209
653,"Marvel Entertainment Group, Inc.",573913,100
654,Mattress Firm Holding Corp.,57722W,106
655,Maxicare Health Plans Inc.,577904,501
656,"Mayflower Group Inc. (MG Holdings, Inc.)",578349,102
657,McClatchy Company,579489,303
658,McCrory Corp.,579865,007
659,"McDermott International, Inc.",580037,703
660,McLean Industries Inc.,582087,102
661,McLeodUSA Incorporated (2005),582266,706
662,"McLeodUSA, Inc. (2002)",582266,706
663,McLouth Steel Corp.,582273,10
664,Mcorp,55267M,103
665,MCSI Inc.,55270M,108
666,"MediaNews Group, Inc. (Affiliated Media, Inc. only)",008257,10
667,"Medical Resources, Inc.",58461Q,409
668,"Mediq, Inc.",584906,101
669,"Megafoods Stores, Inc.",584951,107
670,"Melinta Therapeutics, Inc.",58549G,209
671,Memorex Telex N.V. (1992),586014,102
672,Memorex Telex N.V. (1994),586014,102
673,Memorial Production Partners LP,586048,100
674,"Mercantile Bancorp, Inc.",58734P,105
675,Mercury Finance Company,55272N,104
676,"Merisant Worldwide, Inc.",58985C,985
677,Merry-Go-Round Enterprises Inc.,590436,101
678,"Meruelo Maddux Properties, Inc.",590473,104
679,"Mesa Air Group, Inc.",590479,101
680,"Metals USA, Inc.",591324,207
681,"Metricom, Inc.",591596,101
682,"Metromedia Fiber Network, Inc.",00374N,107
683,"Metropolitan Mortgage & Securities Co., Inc.",59299W,931
684,MF Global Holdings Ltd.,55277J,108
685,MGF Oil Corp.,552813,107
686,Michigan General Corporation (1987),594517,104
687,"MicroAge, Inc.",594928,103
688,"Mid-American Waste Systems, Inc.",59523F,100
689,"Midstates Petroleum Company, Inc.",59804T,308
690,Midway Airlines Corp (2001),598126,100
691,Midway Airlines Inc. (1991),598130,102
692,"Midwest Banc Holdings, Inc.",598251,106
693,Milacron Inc.,598709,301
694,"Milagro Oil & Gas, Inc.",59699A,000
695,"Miller Energy Resources, Inc.",600527,105
696,MiniScribe Corp.,603669,102
697,Mirant Corp.,37244E,107
698,Mississippi Chemical Corp.,605288,208
699,"MMH Holdings, Inc.",55308T,851
700,MModal Inc.,60689B,107
701,MMR Holding Corp.,553100,108
702,"Mobile Energy Services Holdings, Inc.",607358,AA6
703,"MobileMedia Communications, Inc.",607415,106
704,"Molten Metal Technology, Inc.",608712,105
705,"Molycorp, Inc.",608753,109
706,Momentive Performance Materials Inc.,60899U,937
707,Monaco Coach Corporation,60886R,103
708,Monarch Capital Corp.,609023,106
709,Montgomery Ward Holding Corp. (1997),61499Y,931
710,Montgomery Ward Holding Corp. (2000),61499Y,931
711,Morrison Knudsen Corp.,618447,106
712,Mortgage & Realty Trust (1990),919904,102
713,Mortgage & Realty Trust (1995),919904,102
714,"Movie Gallery, Inc. (2007)",624581,203
715,"Movie Gallery, Inc. (2010)",624581,203
716,MPC Corporation,553166,109
717,Mpower Holding Corp.,62473L,309
718,"MTS, Incorporated",553774,936
719,Muzak Holdings LLC,62844K,931
720,NACO Finance Corp.,628910,AA
721,National Convenience Stores Inc.,635570,500
722,"National Energy Group, Inc.",635812,209
723,National Gypsum Co.,636317,109
724,National Steel Corp.,637844,309
725,"NationsRent, Inc.",638588,103
726,"Nebraska Book Company, Inc.",639579,937
727,"Neenah Enterprises, Inc. (2010)",64007R,109
728,Neenah Foundry Company (2003),640071,932
729,Neff Corp.,640094,942
730,"NetBank, Inc.",640933,107
731,Network Plus Corp.,64122D,506
732,New American Healthcare Corp.,641881,107
733,New Century Communications Inc.,64399A,938
734,New Century Financial Corporation,6435EV,108
735,New Source Energy Partners L.P.,64881E,109
736,New Valley Corp.,649080,504
737,New World Pasta Co.,64928U,934
738,"NewAge, Inc.",650194,103
739,NewPage Corporation,65199X,002
740,"NewPower Holdings, Inc.",652463,100
741,Nexity Financial Corporation,65333R,200
742,"NII Holdings, Inc. (2014)",62913F,201
743,Nobilis Health Corp.,65500B,103
744,Noble Corporation plc,G65431,101
745,"Noble International, Ltd.",655053,106
746,Noranda Aluminum Holding Corporation,65542W,206
747,"Nortel Networks Corp. (Nortel Networks, Inc. only)",656568,508
748,"NorthPoint Communications Group, Inc.",666610,100
749,Northwest Airlines Corporation,667280,408
750,NorthWestern Corporation,668074,305
751,Northwestern Steel & Wire Co.,668367,204
752,"NRG Energy, Inc. (2002)",629377,508
753,"NRG Energy, Inc. (2003)",629377,508
754,"NTELOS, Inc.",67019U,101
755,NTL Communications Corp.,62940N,AA
756,Nucorp Energy Inc.,12612L,108
757,"Nu-kote Holding, Inc.",669935,108
758,"Nuverra Environmental Solutions, Inc.",67091K,203
759,NVR LP,62944T,105
760,"O Brien Environmental Energy, Inc.",19238M,105
761,Oakwood Homes Corp.,674098,207
762,Oasis Petroleum Inc.,674215,108
763,"OCA, Inc.",67083Q,101
764,Oglebay Norton Company,677007,205
765,Oneida Ltd.,682505,102
766,"OpTel, Inc.",683817,308
767,"Orbcomm Global, LP",68555P,10
768,Orchard Supply Hardware Stores Corporation,685691,404
769,Orchids Paper Products Company,68572N,104
770,"Orexigen Therapeutics, Inc.",686164,302
771,Orion Pictures Corp.,686285,503
772,"Orleans Homebuilders, Inc.",686588,104
773,Outboard Marine Corporation,690020,102
774,Outsourcing Solutions Inc.,690132,931
775,"Overseas Shipholding Group, Inc.",690368,105
776,Oxford Energy Co.,691435,101
777,Pacific Drilling S.A. (2020),L7257P,205
778,Pacific Gas & Electric Co. (2001),69331C,108
779,"Pacific Gateway Exchange, Inc.",694327,107
780,"PacificAmerica Money Center, Inc.",20453F,106
781,"Paging Network, Inc.",695542,100
782,"Palm Harbor Homes, Inc.",696639,103
783,Pan Am Corp.,697757,102
784,Paracelsus Healthcare Corp.,698891,108
785,Paragon Offshore plc,G6S01W,108
786,Paragon Offshore plc (2017),G6S01W,108
787,"Paragon Trade Brands, Inc.",69912K,206
788,Parker Drilling Company,701081,408
789,Patriot Coal Corporation (2012),70336T,104
790,Patriot Coal Corporation (2015),70336T,500
791,"Patriot National, Inc.",70338T,102
792,"Pay N Pak Stores, Inc.",704312,933
793,"Payless Cashways, Inc. (1997)",704378,405
794,"Payless Cashways, Inc. (2001)",704378,405
795,Peabody Energy Corporation,704549,203
796,"Pegasus Gold, Inc.",70556K,106
797,Penn Traffic Co (1999),707832,309
798,Penn Traffic Co (2003),707832,309
799,Penn Virginia Corporation,707882,106
800,"PennCorp Financial Group, Inc.",845606,102
801,"Penn-Dixie Industries, Inc.",212072,102
802,Pennsylvania Real Estate Investment Trust,709102,107
803,"Penson Worldwide, Inc.",709600,100
804,Pentacon Inc.,709620,108
805,"Peregrine Systems, Inc.",71366Q,200
806,Performance Sports Group Ltd.,71377G,100
807,"Perfumania Holdings, Inc.",71376C,100
808,Perkins & Marie Callenders Inc.,761253,939
809,Petrolane Gas Service LP,71654J,108
810,Pettibone Corporation,716769,203
811,"PFF Bancorp, Inc.",69331W,104
812,PG&E Corp. (Pacific Gas and Electric Co.) (2019),69331C,108
813,"PG&E National Energy Group, Inc.",69334T,009
814,"Phar-Mor, Inc. (2001)",717113,203
815,"PHI, Inc.",69336T,205
816,Philip Services Corp. (1999),718193,105
817,Philip Services Corp. (2003),718193,105
818,Phoenix Steel Corp.,719151,102
819,PHP Healthcare Corporation,693344,103
820,"P-I-E Nationwide, Inc.",69399Y,109
821,"Pier 1 Imports, Inc.",720279,504
822,"Pierre Foods, Inc.",72099Y,916
823,Pillowtex Corp. (2003),721506,103
824,Pinnacle Airlines Corp.,723443,107
825,"Pinnacle Holdings, Inc.",72346N,101
826,"Pioneer Companies, Inc.",723643,300
827,Pioneer Energy Services Corp.,723664,108
828,Plaid Clothing Group Inc.,726133,AA
829,"Planet Hollywood International, Inc.",72702Q,102
830,Pliant Corporation (2006),729136,937
831,Pliant Corporation (2009),729136,937
832,"PMI Group, Inc.",69344M,101
833,Polaroid Corp,731095,105
834,"Polymer Group, Inc.",731745,204
835,"Pope & Talbot, Inc.",732827,100
836,"Powerwave Technologies, Inc.",739363,307
837,Presidio Oil Company,741016,307
838,Prime Motor Inns Inc.,741917,108
839,"Primus Telecommunications Group, Inc.",741929,301
840,ProMedCo Management Company,74342L,105
841,"Propex, Inc.",74345R,935
842,PSINet Inc.,74437C,101
843,Public Service Co of New Hampshire,744482,001
844,"Purina Mills, Inc.",746276,104
845,"Pyxus International, Inc.",74737V,106
846,Qintex Entertainment Inc.,747275,105
847,Quicksilver Resources Inc.,74837R,104
848,"Quiksilver, Inc.",74838C,38C
849,Quorum Health Corporation,74909E,110
850,R H Macy & Co. Inc.,556139,939
851,R.H. Donnelley Corporation,74955W,100
852,RAAM Global Energy Company,74920A,AC3
853,Radice Corp.,560794,109
854,RadioShack Corporation,750438,103
855,Radnor Holdings Corporation,750495,921
856,RAIT Financial Trust,749227,864
857,RCN Corporation,749361,200
858,RCS Capital Corporation,74937W,102
859,RDA Holding Co. (2013),74993W,939
860,"RDM Sports Group, Inc.",749412,102
861,"Readers Digest Association, Inc.",755267,937
862,Read-Rite Corp.,755246,204
863,"Real Industry, Inc.",231082,603
864,Recoton Corp.,756268,108
865,"Recycling Industries, Inc.",756285,102
866,Redback Networks Inc.,757209,507
867,"Reddy Ice Holdings, Inc.",75734R,105
868,Reeves Industries Inc.,758609,002
869,Refco Finance Inc.,75866G,109
870,"Reliance Acceptance Group, Inc.",75999X,102
871,"Reliance Group Holdings, Inc.",759464,100
872,"Reliant Building Products, Inc.",75952G,10
873,"Remy International, Inc.",24699Y,945
874,"Renaissance Cosmetics, Inc.",759664,10
875,"Rentech, Inc.",760112,201
876,REPH Acquisition Co.,686857,103
877,Republic Airways Holdings Inc.,760276,105
878,"Republic Engineered Products Holdings, LLC (2003)",760391,102
879,Residential Resources Mortgage Investments Corp.,760929,109
880,Resorts International Inc. (1989),398189,100
881,Resorts International Inc. (1994),398189,100
882,Restaurant Enterprises Group Inc.,761255,AA
883,Revco D.S. Inc.,761339,100
884,Revere Copper & Brass Inc.,761406,107
885,"Revlon, Inc. (Revlon Consumer Products Corporation)",761525,609
886,Rex Energy Corporation,761565,506
887,Rexene Corp.,447015,942
888,"RHI Entertainment, Inc.",74957T,104
889,"Rhythms NetConnections, Inc.",762430,205
890,Rickel Home Centers Inc.,765635,10
891,Rosehill Resources Inc.,777385,105
892,Roses Stores Inc.,94767P,209
893,Rotech Healthcare Inc.,778669,101
894,"Rouge Industries, Inc.",779088,103
895,"RSL Communications, Ltd.",G7702U,102
896,"RTW Retailwinds, Inc.",74980D,100
897,Sabine Oil & Gas Corporation,78532P,107
898,Safelite Glass Corporation,786450,932
899,Safety Kleen Corp.,78648R,203
900,Salant Corp. (1990),794004,200
901,Salant Corp. (1998),794004,200
902,"Sambos Restaurants, Inc.",795872,100
903,Samson Resources Corporation,78999Z,937
904,Sanchez Energy Corporation,79970Y,105
905,"SandRidge Energy, Inc.",80007P,307
906,Saxon Industries Inc.,805567,10
907,"Sbarro, Inc.",805844,933
908,"School Specialty, Inc.",807863,105
909,Sea Containers Ltd.,811371,707
910,"Seahawk Drilling, Inc.",81201R,107
911,Sears Holdings Corporation,812350,106
912,"Seatrain Lines, Inc.",812557,205
913,Security Bank Corporation,814047,106
914,Seitel Inc.,816074,405
915,"Sequential Brands Group, Inc.",81734P,206
916,Servam Corp.,817912,108
917,"Service Merchandise Company, Inc.",817587,108
918,"Seven Seas Petroleum, Inc.",G80550,109
919,Seventy Seven Energy Inc.,818097,107
920,"SFX Entertainment, Inc.",784178,303
921,Sharper Image Corporation,820013,100
922,"ShengdaTech, Inc.",823213,103
923,"Silicon Graphics, Inc. (2006)",827056,300
924,"Silicon Graphics, Inc. (2009)",827056,300
925,Silver State Bancorp,828251,108
926,Simmons Company,87299,Y95
927,Singer Co. (Bicoastal Corporation),088774,948
928,"Sirva, Inc.",82967Y,104
929,"SLI, Inc.",78442T,108
930,"SLM International, Inc.",434149,100
931,"Smartalk Teleservices, Inc.",83169A,100
932,Smith International Inc.,832110,100
933,Smurfit-Stone Container Corporation,832727,101
934,"Solutia, Inc.",834376,501
935,"SONICblue, Inc.",83546Q,109
936,"Source Interlink Companies, Inc.",836151,209
937,"Southcross Energy Partners, L.P.",84130C,100
938,Southern Pacific Funding Corporation,843576,109
939,Southland Corp.,817826,209
940,Southmark Corp.,844544,809
941,Spansion Inc.,84649R,200
942,Special Metals Corp.,84741Y,103
943,"Specialty Equipment Companies, Inc.",847497,203
944,SpectraVision Inc.,847607,108
945,"SPI Holding, Inc.",847607,108
946,Spiegel Inc.,848457,107
947,Spreckels Industries Inc.,849416,201
948,SquareTwo Financial Corporation,85224C,AA2
949,"Stage Stores, Inc. (2000)",85254C,305
950,"Stage Stores, Inc. (2020)",85254C,305
951,Standard Brands Paint Co.,853156,206
952,Standard Register Company,853887,206
953,Star Telecommunications Inc.,854923,109
954,Startec Global Communications Corporation,85569E,103
955,"Station Casinos, Inc.",857689,103
956,"Stein Mart, Inc.",858375,108
957,"Stellex Industries, Inc. (Stellex Technologies, Inc.)",858565,104
958,"Sterling Chemicals Holdings, Inc.",85916E,103
959,"Stockwalk Group, Inc.",86149C,104
960,"Stone & Webster, Inc.",861572,105
961,Stone Energy Corporation,861642,304
962,Storage Technology Corp.,862111,200
963,Sudbury Inc.,864635,206
964,"Sun HealthCare Group, Inc.",86677E,100
965,"Sun Television and Appliances, Inc.",866881,105
966,Sunbeam Corporation,867071,102
967,Sundance Energy Inc.,86725N,102
968,"SunEdison, Inc.",86732Y,109
969,Sunterra Corp.,86787D,208
970,"Sun-Times Media Group, Inc.",86688Q,100
971,"Superior Energy Services, Inc.",868157,306
972,"Superior Telecom, Inc.",86815V,105
973,"SuperMedia, Inc. (2013)",868447,103
974,Swift Energy Company,870738,101
975,Syms Corp.,871551,107
976,Syntax-Brillian Corporation,87163L,103
977,"System Software Associates, Inc.",871839,205
978,Tacoma Boatbuilding Co. (1985),873452,304
979,"Tailored Brands, Inc.",87403A,107
980,Tamalpais Bancorp,87485H,103
981,Tandon Corp. (TSL Holdings Inc.),872918,107
982,Tarragon Corporation,876287,103
983,TBS International plc,G8657Q,104
984,"Team Financial, Inc.",87815X,109
985,Technical Equities Corp.,878415,108
986,Telesphere Communications Inc.,879908,101
987,Teligent Inc,87959Y,103
988,"Telscape International, Inc.",87971Q,104
989,Temecula Valley Bancorp Inc.,87972L,104
990,TerreStar Corporation (2011),881451,108
991,Texaco Inc.,881694,103
992,Texas American Bancshares Inc.,882147,101
993,"Texas Petrochemical Holdings, Inc.",882649,108
994,TGX Corp.,872424,106
995,Thermadyne Holdings Corp. (1993),883435,307
996,Thermadyne Holdings Corp. (2001),883435,307
997,"Thorn Apple Valley, Inc.",885184,101
998,"Thornburg Mortgage, Inc.",885218,800
999,THQ Inc.,872443,601
1000,Tidewater Inc.,886423,102
1001,TierOne Corporation,88650R,108
1002,Todd Shipyards Corp.,889039,103
1003,Tokheim Corp. (2000),889073,201
1004,Tokheim Corporation (2002),889073,201
1005,Tops Holding II Corporation,89099A,003
1006,Touch America Holdings Inc.,891539,108
1007,"TOUSA, Inc.",872962,105
1008,"Tower Air, Inc.",891697,104
1009,"Tower Automotive, Inc.",891707,101
1010,Towle Mfg. Co. (1986),89299Y,009
1011,"Town Sports International Holdings, Inc. (TSI, LLC only)",89214A,102
1012,Towner Petroleum Co.,892149,105
1013,"Toys R Us, Inc.",892335,936
1014,Tracor Inc.,892349,200
1015,"Trans World Airlines, Inc. (1992)",893349,837
1016,"Trans World Airlines, Inc. (1995)",893349,837
1017,"Trans World Airlines, Inc. (2001)",893349,837
1018,Transmeridian Exploration Incorporated,89376N,108
1019,Transportation Components Inc.,893878,108
1020,"Trend-Lines, Inc.",894859,107
1021,Trenwick Group Ltd,G9032C,109
1022,Triad Guaranty Inc.,895925,105
1023,Triangle Petroleum Corp. (Triangle USA Petroleum Corp. only),001281,922
1024,Tribune Company,896047,107
1025,"Trico Marine Services, Inc. (2004)",896106,200
1026,"Trico Marine Services, Inc. (2010)",896106,200
1027,"Trident Microsystems, Inc.",895919,108
1028,"Trism, Inc.",896925,203
1029,Tronox Incorporated,897051,306
1030,"Trump Entertainment Resorts, Inc. (2009)",89816T,103
1031,"Trump Entertainment Resorts, Inc. (2014)",89816T,103
1032,Trump Hotels & Casino Resorts Inc. (2004),89816T,103
1033,Trump Plaza Funding Inc.,898171,103
1034,Trump Taj Mahal Funding Inc.,898172,937
1035,Trumps Castle Funding Inc.,898178,108
1036,Tuesday Morning Corporation,899035,505
1037,Tultex Corporation,899900,104
1038,"Tweeter Home Entertainment Group, Inc.",901167,106
1039,TXCO Resources Inc.,87311M,102
1040,"U.S. Aggregates, Inc.",90334D,109
1041,"U.S. Concrete, Inc.",90333L,201
1042,U.S. Home Corp.,911920,106
1043,U.S. Office Products Company,912325,305
1044,"U.S.A. Floral Products, Inc.",90331T,107
1045,UAL Corporation,902549,500
1046,"UCBH Holdings, Inc.",90262T,308
1047,"UDC Homes, Inc.",902646,108
1048,"Ultimate Electronics, Inc.",903849,107
1049,Ultra Petroleum Corp. (2016),903914,109
1050,Ultra Petroleum Corp. (2020),903914,208
1051,Unicapital Corporation,90459D,108
1052,Union Acceptance Corporation,96445P,105
1053,Unit Corporation,909218,109
1054,United Artists Theatre Company,909408,932
1055,United Companies Financial Corporation,909870,107
1056,United Merchants & Manufacturers Inc.,910858,109
1057,"United Western Bancorp, Inc.",913201,109
1058,UNR Industries Inc.,35241Q,107
1059,"UPC Polska, Inc.",045920,10
1060,"US Airways Group, Inc. (2002)",911905,107
1061,"US Airways Group, Inc. (2004)",911905,503
1062,USEC Inc.,90333E,207
1063,USG Corp. (1993),903293,405
1064,USG Corp. (2001),903293,405
1065,"USInterNetworking, Inc.",917311,805
1066,Valaris plc,G9402V,109
1067,Valley Media Inc.,91972C,106
1068,Value Merchants Inc.,919902,106
1069,"Vanguard Natural Resources, LLC",92205F,106
1070,Velocita Corp.,69333S,110
1071,"Vencor, Inc.",494580,103
1072,"Venoco, Inc. (Denver Parent Corp.)",92275P,307
1073,Venture Holdings Co LLC,92399S,914
1074,"Venture Stores, Inc",923275,101
1075,"Verado Holdings, Inc.",92335X,100
1076,VeraSun Energy Corporation,92336G,106
1077,Verso Corporation,92531L,108
1078,"Vertis, Inc. (2008)",925335,937
1079,"Vertis, Inc. (2010)",925335,937
1080,Vesta Insurance Group Inc.,925391,104
1081,Vestron Inc.,925492,100
1082,ViaSystems Group Inc.,92553H,803
1083,Viatel Inc.,925529,208
1084,"ViCorp Restaurants, Inc.",925817,934
1085,Vineyard National Bancorp,927426,106
1086,"Vista Eyecare, Inc.",63845P,101
1087,Visteon Corporation,92839U,206
1088,"Vlasic Foods International, Inc.",928559,103
1089,W.R. Grace & Company,38388F,108
1090,"Walter Energy, Inc.",93317Q,105
1091,Walter Investment Management Corp.,93317W,102
1092,Wang Laboratories Inc.,93369N,109
1093,Warnaco Group Inc.,934390,402
1094,"Washington Group International, Inc.",938862,208
1095,"Washington Mutual, Inc.",939322,103
1096,"Washington Prime Group Inc. (Washington Prime Group, L.P.)",93964W,405
1097,"Waste Systems International, Inc.",94106P,209
1098,"WCI Communities, Inc.",92923C,104
1099,WCI Steel Inc.,92923J,109
1100,Weatherford International plc,G48833,100
1101,"WebLink Wireless, Inc.",94769A,101
1102,"WebVan Group, Inc.",94845V,103
1103,WedTech Corp.,948462,106
1104,Weirton Steel Corp.,948774,104
1105,"Wellman, Inc.",949702,104
1106,"West Point-Pepperell, Inc. (West Point Acquisition Corp. only)",955465,109
1107,Westbridge Capital Corp.,91731P,109
1108,Western Co. of North America,958043,408
1109,Western Preferred Corp.,959245,40
1110,Westmoreland Coal Co. (1994),960878,106
1111,Westmoreland Coal Company (2018),960878,106
1112,WestPoint Stevens Inc. (2003),961238,102
1113,Wheeling-Pittsburgh Steel Corp. (1985),410315,105
1114,"Wherehouse Entertainment, Inc. (1995)",963281,100
1115,"Wherehouse Entertainment, Inc. (2003)",963281,100
1116,White Motor Corp.,29409K,606
1117,Whiting Petroleum Corporation,966387,409
1118,WHX Corporation,410315,105
1119,"Wickes Companies, Inc.",194831,004
1120,"Wilshire Financial Services Group, Inc.",087866,109
1121,Wilson Foods Corp. (1983),972218,101
1122,"Windstream Holdings, Inc. (Windstream Services, LLC)",97382A,309
1123,"Winn-Dixie Stores, Inc.",974280,307
1124,"Winstar Communications, Inc.",975515,107
1125,"Wireless One, Inc.",97652H,109
1126,"WKI Holding Company, Inc.",92999Z,938
1127,"World Access, Inc.",98141A,101
1128,"Worlds of Wonder, Inc.",981902,109
1129,"WorldSpace, Inc.",981579,105
1130,"Worldtex, Inc.",981907,108
1131,WTD Industries Inc.,894688,100
1132,"Xerium Technologies, Inc.",98416J,118
1133,"XO Communications, Inc.",98417K,106
1134,"Xpedior, Inc.",98413B,100
1135,York Research Corporation (2002),987048,105
1136,"Young Broadcasting, Inc.",987434,107
1137,Zale Corp.,988858,106
1138,Zenith Electronics Corp.,989349,105
1139,Ziff Davis Holdings Inc.,98951V,10
